{
  "B001": {
    "name": "Test Boat 1",
    "run1_time": 9.600916385650635,
    "run2_time": 4.484861373901367,
    "run1_start": 1764428228.858072,
    "run2_start": 1764428242.305167
  },
  "B002": {
    "name": "Test Boat 2",
    "run1_time": 6.4918553829193115,
    "run2_time": 3.647981643676758,
    "run1_start": 1764428232.811075,
    "run2_start": 1764428243.7210712
  },
  "B003": {
    "name": "Test Boat 3",
    "run1_time": 4.955013036727905,
    "run2_time": 3.224027156829834,
    "run1_start": 1764428235.2279413,
    "run2_start": 1764428244.708149
  }
}