{
  "B001": {
    "name": "Test Boat 1",
    "run1_time": 10.126862525939941,
    "run2_time": 4.484861373901367,
    "run1_start": 1764431529.8595219,
    "run2_start": 1764428242.305167
  },
  "B002": {
    "name": "Test Boat 2",
    "run1_time": 8.113944292068481,
    "run2_time": 3.647981643676758,
    "run1_start": 1764431532.6943717,
    "run2_start": 1764428243.7210712
  },
  "B003": {
    "name": "Test Boat 3",
    "run1_time": 6.491963863372803,
    "run2_time": 3.224027156829834,
    "run1_start": 1764431535.0963607,
    "run2_start": 1764428244.708149
  }
}